id;phone_number;date_of_birth;profile_id;gender;valid_id
1;connecting Romania;2021-03-08;Automated navigate Wooden;FEMALE;HDD deposit programming
2;Haiti;2021-03-07;Savings Account networks Hryvnia;FEMALE;Cambridgeshire Cambridgeshire
3;Books morph;2021-03-07;withdrawal Tonga transmit;FEMALE;primary
4;copy Unbranded Concrete Fish;2021-03-08;Shoes;MALE;deposit Bacon moderator
5;Accounts;2021-03-07;Creek time-frame;FEMALE;transform Trinidad and Tobago
6;back-end Investment Account;2021-03-07;engineer cross-media;MALE;Awesome cross-platform alarm
7;El Salvador Avon Key;2021-03-07;Florida;FEMALE;Intelligent override
8;bi-directional;2021-03-08;user-centric synthesize Row;FEMALE;Health Steel New Mexico
9;New Mexico Sleek primary;2021-03-08;hard drive;FEMALE;copy
10;Michigan Visionary Fully-configurable;2021-03-08;infomediaries;MALE;hacking
